{
  "providers": [
    {
      "type": "bitmap",
      "file": "minecraft:font/player.png",
      "ascent": 7,
      "height": 7,
      "chars": ["り"]
    },
    {
      "type": "bitmap",
      "file": "minecraft:font/sponsor.png",
      "ascent": 7,
      "height": 7,
      "chars": ["ゎ"]
    },
    {
      "type": "bitmap",
      "file": "minecraft:font/admin.png",
      "ascent": 7,
      "height": 7,
      "chars": ["ぱ"]
    },
    {
      "type": "bitmap",
      "file": "minecraft:font/logo.png",
      "ascent": 66,
      "height": 106,
      "chars": ["ビ"]
    }
  ]
}
