{
  "providers": [
    {
      "type": "bitmap",
      "file": "minecraft:font/player.png",
      "ascent": 7,
      "height": 7,
      "chars": ["り"]
    },
    {
      "type": "bitmap",
      "file": "minecraft:font/celestia.png",
      "ascent": 7,
      "height": 7,
      "chars": ["ゎ"]
    },
    {
      "type": "bitmap",
      "file": "minecraft:font/ender.png",
      "ascent": 7,
      "height": 7,
      "chars": ["ん"]
    },
    {
      "type": "bitmap",
      "file": "minecraft:font/void.png",
      "ascent": 7,
      "height": 7,
      "chars": ["ジ"]
    },
    {
      "type": "bitmap",
      "file": "minecraft:font/titan.png",
      "ascent": 7,
      "height": 7,
      "chars": ["ゴ"]
    },
    {
      "type": "bitmap",
      "file": "minecraft:font/admin.png",
      "ascent": 7,
      "height": 7,
      "chars": ["ぱ"]
    },
    {
      "type": "bitmap",
      "file": "minecraft:font/phantom.png",
      "ascent": 7,
      "height": 7,
      "chars": ["ー"]
    },
    {
      "type": "bitmap",
      "file": "minecraft:font/blaze.png",
      "ascent": 7,
      "height": 7,
      "chars": ["ヾ"]
    },
    {
      "type": "bitmap",
      "file": "minecraft:font/iron.png",
      "ascent": 7,
      "height": 7,
      "chars": ["・"]
    },
    {
      "type": "bitmap",
      "file": "minecraft:font/bronze.png",
      "ascent": 7,
      "height": 7,
      "chars": ["ヷ"]
    },
    {
      "type": "bitmap",
      "file": "minecraft:font/dust.png",
      "ascent": 7,
      "height": 7,
      "chars": ["ヰ"]
    },
    {
      "type": "bitmap",
      "file": "minecraft:font/logo.png",
      "ascent": 66,
      "height": 106,
      "chars": ["ビ"]
    }
  ]
}
